h2_amp_mean,h2_amp_cv,h2_phase_std,h3_amp_mean,h3_amp_cv,h3_phase_std,h4_amp_mean,h4_amp_cv,h4_phase_std,h5_amp_mean,h5_amp_cv,h5_phase_std,h6_amp_mean,h6_amp_cv,h6_phase_std,h7_amp_mean,h7_amp_cv,h7_phase_std,h8_amp_mean,h8_amp_cv,h8_phase_std,h9_amp_mean,h9_amp_cv,h9_phase_std,ampcv_h5,phstd_h5,inrush_ratio,rms_steady,label,source,file,predicted,correct
0.005428708834487407,0.8790505473582233,1.3541956383317009,0.07078068565035381,0.08103371560215476,0.18972760565939578,0.016687581004468655,0.9915549020217206,1.3530956661515037,0.03905246512406812,0.49963571973271026,0.47826319733101114,0.021811591022767474,0.8034056137688732,1.741396069455259,0.06284002837002803,0.28329332827876863,1.9436306585074077,0.018065577916094144,0.8743941992231009,1.5583856395131577,0.026095054483444742,0.9536674953676912,1.041840244713892,0.49963571973271026,0.47826319733101114,5.140000302352704,1.5221778987869832,EV,BMW iX xDrive50,Waveform_1.csv,PC,False
0.11204771572580097,0.6202875671228621,1.3160563111538552,0.6662331556895105,0.07173824241045969,0.12901078874261354,0.0803424332979568,0.4798541000830754,0.8833184188793869,0.4919909395630936,0.08593500735101856,0.13788415068177648,0.06436483321890255,0.5498902596632907,1.7301151055097845,0.3349361059733437,0.15251747841558969,2.7228048014572024,0.0527169957528581,0.5386897528110891,2.2339292794449466,0.32385319702832377,0.16303923061495815,0.11507414097434587,0.08593500735101856,0.13788415068177648,1.4285550440472417,28.64362751855698,EV,BMW iX xDrive50,Waveform_2.csv,EV,True
0.10558007091363796,0.6131150182338938,1.9380627472654273,0.6574865585404988,0.11455427217663114,0.15563562489514074,0.08842623127100656,0.9351343058191057,1.4955323526150974,0.46618754346566443,0.12605468690404542,0.2013212180748745,0.08416059359076142,0.7497122990031903,0.8632868885736598,0.2826160527597738,0.13114851459833368,0.2355797507553004,0.05897580935414957,0.7310629456584131,1.4800151034259859,0.30495605798585446,0.12496734094305378,0.2817546269754668,0.12605468690404542,0.2013212180748745,1.4133271060893386,28.83055055769744,EV,BMW iX xDrive50,Waveform_3.csv,EV,True
0.08367836768344987,0.6476555958162011,1.7448315282451257,0.6218135587114623,0.07804772551775482,0.1338851414406299,0.07606045491660532,0.9725581164124822,1.620789963635867,0.5426540699759925,0.12670532904423729,0.15330385162736856,0.0625099304829013,1.1260351543829508,2.0261887741598006,0.31943344849349575,0.09991580467585026,0.19150690543331558,0.05037336408522264,0.836035501763257,2.1378882484108015,0.22946651686223654,0.233520149450225,0.27852101018455977,0.12670532904423729,0.15330385162736856,1.4548931370989768,32.44018226604367,EV,Nissan Leaf,Waveform_1.csv,EV,True
0.10281555713951906,0.6764860892128077,1.7118796311269773,0.6210031021714206,0.086442571758886,0.128611940352151,0.06770098303307356,0.8500138055165711,1.304100662571995,0.5408994537811684,0.04073209956485952,0.1326560351795875,0.0576472503879748,0.8351756930745574,1.2308571599491729,0.3084304391859026,0.1576271838880937,0.15100591580127815,0.04775149498297363,0.8546652075492254,1.4912887594168687,0.21572297804753454,0.22079785775171448,1.9284161299087434,0.04073209956485952,0.1326560351795875,1.465043515104829,30.291931998880596,EV,Nissan Leaf,Waveform_2.csv,EV,True
0.08476333175604009,0.8457557512486937,1.7554399059204995,0.6119555498595121,0.06274250885319677,0.11584156025678924,0.06359299529381857,0.9125372565992781,1.3880730317064576,0.4154979192058163,0.19267113268969122,0.0643742458222172,0.05409533924799976,0.9960831076665817,1.289744533805178,0.29292711266001514,0.11297815427359507,0.1841339448206968,0.04683445181153694,1.0280460112076784,1.8786756459765133,0.1428579880988578,0.39993752126281523,2.3080796756715434,0.19267113268969122,0.0643742458222172,1.4646845173105683,30.19762823500718,EV,Nissan Leaf,Waveform_3.csv,EV,True
0.1281948795836848,0.3468136943033014,1.2338844576437327,0.5051107187953714,0.16548546428510078,0.10893151071901433,0.10936604502558658,0.7152628076660467,1.968375209961036,0.5595583603471627,0.19867400125257098,0.12544814979150273,0.12345808918018679,0.6960666263439037,0.6277666568506778,0.745963137446577,0.0796461048432551,0.11965571795989617,0.11380483730743986,0.7920041428158969,1.9625402440415824,0.43198610524958003,0.30827843005612776,0.2810674580767504,0.19867400125257098,0.12544814979150273,1.4926378416130546,30.207594401221705,EV,Tesla Model 3,Waveform_1.csv,EV,True
0.11730862727688211,0.5680263297788,0.8730440620870339,0.5091919214395398,0.167592541846366,0.23773158968652328,0.12380185958593448,0.8677826265784511,1.50951335052413,0.618427519539682,0.2488211442605312,0.0699082454841778,0.09522079464794556,0.6657038773838361,2.1543702614898708,0.7533405785606353,0.09102104399605575,0.12270206972290305,0.11930863332785517,0.7932121732582013,1.0433265332871293,0.42108969166914695,0.3186616881605831,0.27492011059207533,0.2488211442605312,0.0699082454841778,1.4746835195919468,30.194952295688246,EV,Tesla Model 3,Waveform_2.csv,EV,True
0.10421571119381907,0.19639747517562547,0.8849750914468008,0.5216834851593989,0.17010369771795897,0.24026192978102914,0.13109426150724945,0.9750861417499914,1.6974984881184514,0.5880147577538276,0.29417764700471033,0.11823282445027218,0.10293216524043473,0.6886178100123347,0.8577448461213041,0.7441415365464081,0.10207635944510882,0.1062083690751868,0.11499786785429841,0.5768415414138135,1.1416301913491347,0.3888992972275908,0.3373363330710631,0.25862941692873326,0.29417764700471033,0.11823282445027218,1.469715038364709,30.25008070935482,EV,Tesla Model 3,Waveform_3.csv,EV,True
0.0018562835778910894,0.4435603076559121,1.0116562717530622,0.02107710268665709,0.05926592112111122,0.0589044543927361,0.002160190696783275,0.4296459304579643,1.9071911449611807,0.0158375740523139,0.09062293925365929,0.025752427287151942,0.0020717647901010183,0.3340981140885623,2.1078093770594672,0.00859020000806732,0.2454715479082553,0.07903024500125319,0.001106521855799446,0.23800499032113015,0.9533420556697353,0.0010816423213542096,0.343034397490351,0.9461067405857215,0.09062293925365929,0.025752427287151942,4.677390597627895,0.6480098805831076,PC,synthetic,laptop_sample_01.csv,PC,True
0.08839959451516155,1.7137443173038964,1.7887817766783953,0.09125067053508902,1.1880099942234648,0.1890432176445047,0.052099670893787066,1.6962640793808559,0.8268802956870382,0.06515849919854612,0.690555857157329,1.1302301119516682,0.03649688416747114,1.6788332490839748,1.842243724825503,0.054487239570309126,0.9723585005029505,0.09909601525458157,0.028974508949582856,1.6996255925841481,1.385272710226953,0.02590123276951742,1.6544718566877934,0.6791765203347645,0.690555857157329,1.1302301119516682,4.9741060540732,0.5689454537416864,PC,synthetic,laptop_sample_02.csv,PC,True
0.07043119278404421,1.6807357134475376,1.2803082271346007,0.12656223914330142,0.660395212782328,0.16634344468396434,0.04140786279599058,1.6379467878811615,1.9134007482360735,0.06457008766779893,0.3692813242462201,0.8955146416969445,0.029083900664258106,1.6327288750666848,1.4913024970279085,0.03506052586210264,1.1737636690493685,0.1364143977478314,0.02413963248026123,1.5935290270589832,1.1064537014812414,0.020908926359430667,1.6376445324987645,1.2054212080812006,0.3692813242462201,0.8955146416969445,3.152750430402054,0.7330097634638527,PC,synthetic,laptop_sample_03.csv,PC,True
0.10349652377996274,1.701733392584962,1.2093579023214407,0.12428388125061199,1.0083052681491909,0.19790576338637178,0.060878622685687944,1.6939272892752597,1.4404996351301882,0.09400967866042637,0.9066074825146967,0.2831882828368113,0.04369474543484952,1.6541110575056033,2.214853024429242,0.049264760233805424,1.2472139683551728,0.13825832246712866,0.034189771131567154,1.692479553741373,1.2826390342990486,0.030652935774818816,1.6379299654249047,0.7717938210830669,0.9066074825146967,0.2831882828368113,5.013349932962188,0.6662201983328535,PC,synthetic,laptop_sample_04.csv,PC,True
0.0013878673600850571,0.2867805885827634,0.5624831322146342,0.03272538215407122,0.0440429835104699,0.05042573346476337,0.0017629486317109406,0.5936172718140086,1.5525092846284145,0.015293026262203656,0.032683777707502006,0.030401457645877025,0.0013319384094198836,0.1863397731749596,0.6474303800580029,0.006120152562937083,0.1643199752202219,0.07162393596659065,0.0006220237662757189,0.7574329009379249,1.9932468336510203,0.0007413964775924571,0.6159119976877697,1.5142012143424097,0.032683777707502006,0.030401457645877025,5.499408170801306,0.5091446958707646,PC,synthetic,laptop_sample_05.csv,PC,True
0.07677869685771796,1.6920211315829874,1.1924153503179442,0.10125539075704373,0.9093831723376117,0.17902522006311217,0.04450614242443899,1.6854606452582435,0.6104389879188159,0.05025073395686834,1.0752718607299694,0.9126167286294785,0.03177911494392453,1.6972425543688585,0.8761350520744048,0.034129371748844194,1.289680928713133,0.10704434477935387,0.024993837334621436,1.6524317111602265,2.0903954965525084,0.022515200817837817,1.6034975104507903,1.5525425509707826,1.0752718607299694,0.9126167286294785,4.133862551263597,0.6095983683267752,PC,synthetic,laptop_sample_06.csv,PC,True
0.07398304907832873,1.6638763143010318,1.9706440629495474,0.10815603048822102,0.8133745089954548,0.17475479696969315,0.04324251800048114,1.680681268336244,1.4166561035692093,0.05746330831128127,1.0744639463328147,0.17043022871817173,0.030463410259378536,1.6544035013229639,1.5123927227533576,0.027980894342921746,1.507697812812086,0.21223011577817355,0.024830810706390125,1.6111081095136015,1.9539833149729893,0.021196122603704143,1.6740952851476172,1.8838228456568644,1.0744639463328147,0.17043022871817173,4.233159079879701,0.5511240477424297,PC,synthetic,laptop_sample_07.csv,PC,True
0.0013703955034010899,0.5567150806383939,1.7540989608124835,0.022009323132050923,0.042347837277277166,0.07138707566139675,0.0012223950477155002,0.45823564063234873,0.9441853298314362,0.03101522860015692,0.043370476671218516,0.012419027440275567,0.0016554869346764773,0.37421407695272646,2.0247333820913718,0.014103882096335585,0.08574939795631896,0.08329155325657794,0.0009676849851775034,0.43437646207599817,1.0529406640857,0.001081066898620211,0.6073443522021512,2.25985999539065,0.043370476671218516,0.012419027440275567,4.32026888473178,0.6613004319772772,PC,synthetic,laptop_sample_08.csv,PC,True
0.08678510517231904,1.694982380685074,0.9973134465245104,0.10585706286759976,1.0040140981039392,0.20033638845221544,0.05045056793252791,1.695679640898002,0.6906924670707015,0.054617029080110895,1.214195769238918,0.8028985315339054,0.036625682077641046,1.6313865392245175,1.7899812344817911,0.044219344782635124,1.1772037224420158,0.1489482696121039,0.028562331386402306,1.624400066102148,1.6731350001986094,0.025531159568355697,1.6030398989904757,1.633223855443065,1.214195769238918,0.8028985315339054,3.8462978907359218,0.7417512201989739,PC,synthetic,laptop_sample_09.csv,PC,True
0.11355602822766792,1.6905657640079432,0.5166391289535118,0.12305978830521631,1.1267164371701206,0.20790396390657892,0.0668588491203768,1.6950284607034378,1.1134985751785291,0.09764216211048418,0.9891809469400393,0.16208513769280397,0.04677837687738183,1.675391239394985,0.8918315206085968,0.06951579536055627,0.9611117507161412,0.09805696994092032,0.03824345133580547,1.6279331575962188,1.3307474465191143,0.03340975502253444,1.6246314128802581,0.9538707865202024,0.9891809469400393,0.16208513769280397,5.098479685011101,0.7090338934070782,PC,synthetic,laptop_sample_10.csv,PC,True
0.0017631244460493169,0.24277585376255095,1.5407753476936672,0.04652831337265163,0.0063064170115627715,0.009387599136132912,0.0021954374528754565,0.5228506101557746,1.9409774436562415,0.009372941796224062,0.09155315523303578,0.128757596230989,0.0007352115975208152,0.5135777877699026,0.15446182072860193,0.0067550684907841515,0.12267342547182838,0.05915178716075067,0.0014572127339604233,0.07669153954801328,2.5119594989651777,0.0018189329661038656,0.6398889987779367,1.248027713646978,0.09155315523303578,0.128757596230989,5.506078487729193,0.6180432228682177,PC,synthetic,laptop_sample_11.csv,PC,True
0.0018483961996865882,0.3162379495300261,0.7248898857973138,0.05071819988130636,0.04694791897493048,0.007759173735339864,0.0011810193378746436,0.24990462676951866,1.8650620762587042,0.008345649796796766,0.17845642787202673,0.1304966292595097,0.0011040012692639164,0.31987669087114895,2.2790490344377807,0.01801886307502092,0.07762325564425242,0.056407468052768736,0.000786585866516596,0.19146983797986564,1.4990812814880343,0.001424793516033939,0.294484491329517,1.438082689076664,0.17845642787202673,0.1304966292595097,3.689172159966017,0.5071588501971875,PC,synthetic,laptop_sample_12.csv,PC,True
0.0030016648570075446,0.3654404974371393,0.18596717325907214,0.07624711957149609,0.021430519742482158,0.0251106913937781,0.0021869915525575662,0.1681702746138638,0.7052606875274103,0.04195042094657784,0.013865295678895351,0.05342885278277345,0.0009157584476524615,0.5935620451947713,1.8302654914806602,0.020168443590258142,0.015618539262895074,0.04327698662464071,0.001193993532529812,0.26955245213718804,1.0847938575761868,0.0015306933071191056,0.6355579468082742,0.8712134052219561,0.013865295678895351,0.05342885278277345,5.404468261793141,0.7231043659113117,PC,synthetic,laptop_sample_13.csv,PC,True
0.0012044254800271856,0.5633804841201291,1.6653188038006028,0.04817967370089899,0.015694020836314333,0.015812642084638777,0.0017439757866816851,0.32519349372917716,1.3293863764122298,0.008653351795015635,0.09351683975197955,0.020972854090540494,0.0013617714431978598,0.3872894385998622,0.7424796144286024,0.015063161399640033,0.02290540973264669,0.005473509999564547,0.0019063855903088277,0.5716486163970715,1.6056469481217497,0.0020424089356752173,0.48016478964831083,1.3650980246080595,0.09351683975197955,0.020972854090540494,5.367155853793044,0.5263485372513793,PC,synthetic,laptop_sample_14.csv,PC,True
0.0014787036978396,0.5553470296814443,0.5358553610807901,0.06341070133934466,0.0031863364996861194,0.009691581595152297,0.002880516912124357,0.11958983583026175,2.0404496092543525,0.023808993923963215,0.033818606465282876,0.0278348572154944,0.0014398622257973098,0.23868123702229038,1.4139488963137619,0.023636558692793342,0.02851278721554457,0.09048502345991792,0.0017300837871064127,0.3516141653664899,1.0627468711112742,0.0014009995292518734,0.2810559648326309,1.8150625548187629,0.033818606465282876,0.0278348572154944,3.476593868157699,0.5761376218694049,PC,synthetic,laptop_sample_15.csv,EV,False
0.08869644933310557,1.6998908039968885,1.3975319161767015,0.08923091204090743,1.2215786493499414,0.1933229248759256,0.05203374794314729,1.694477070620871,1.521829067678923,0.06352167358617265,1.2094844672850937,0.08476536258681024,0.036540857716889655,1.6938659930125362,2.07163034875748,0.04110896660193632,1.2751256393015433,0.14477719608221515,0.029834404243094977,1.6495804674695185,1.6829609637233316,0.025698694182427508,1.6690643618947807,1.4188381452379162,1.2094844672850937,0.08476536258681024,5.670053015160647,0.5109289670133543,PC,synthetic,laptop_sample_16.csv,PC,True
0.06654519277779065,1.7067984278692967,0.9794934946103039,0.07001413624116286,1.1730385628023898,0.21773457832591483,0.03951073172815439,1.6756837400496065,1.4326080567139128,0.04273979325203811,1.10566025523949,1.8120049155747642,0.027775613981426747,1.6466277799210913,1.3261194529601728,0.03264231108172746,1.2454489621351983,0.0644044555233163,0.022440947957202872,1.6607958031456094,1.4007318550894337,0.01997801889335102,1.56854535237705,1.6864859316316083,1.10566025523949,1.8120049155747642,3.7245431727902347,0.5643635146487295,PC,synthetic,laptop_sample_17.csv,PC,True
0.08820678863272002,1.7028602427478325,1.8394684559665997,0.0847950619114436,1.2793941948768603,0.23111300974195664,0.052361156819509806,1.6737827533805743,1.1111711654212704,0.07288405523969971,1.0281146804090893,0.17942790370241785,0.03721488999794568,1.6621649323662469,0.7866311711779083,0.035441910301331404,1.4863759706149298,0.16050282190496173,0.02961044585889865,1.6175165012793862,1.5491008146887126,0.025816007254397796,1.6452911024194534,1.3037270802899832,1.0281146804090893,0.17942790370241785,5.734455041138317,0.5144332363549877,PC,synthetic,laptop_sample_18.csv,PC,True
0.08152677705719472,1.7029407743302287,1.6557353103104173,0.08028224825895558,1.237697815150131,0.20143457202371048,0.04847271381623011,1.6689423568978112,2.018410821925205,0.04824350092298672,1.401119301642712,0.5300544243784613,0.03422876451295383,1.6630661017192658,1.078728022226576,0.03651772651704747,1.3357279901849926,0.09374076133433666,0.027068985639228448,1.6439925575280936,1.8692670478250506,0.023959182034112004,1.6349371339916416,0.4906572984723187,1.401119301642712,0.5300544243784613,4.795197354861417,0.5626452896808077,PC,synthetic,laptop_sample_19.csv,PC,True
0.0022660440167476415,0.5387715654770683,1.0680208124834156,0.07077021634254665,0.011054296977079891,0.005497171146113526,0.003395455860244482,0.20190228798458265,1.8345772233143474,0.039811719960424014,0.034254087179269026,0.024208973511750515,0.0017880587639809906,0.27793683196947344,2.212336991225798,0.01087110779643165,0.1287609327731734,0.105325460321749,0.0014261298175573076,0.13667221613330843,1.9314760850207513,0.0011289173354469245,0.2753708473624714,0.5953036954896165,0.034254087179269026,0.024208973511750515,3.0122135288549807,0.7034683854540539,PC,synthetic,laptop_sample_20.csv,EV,False
