Trigger_Date,2024/01/24
Trigger_Time,T 10:39:00.000
Samples_Per_Cycle,500
Microseconds_Per_Sample,33.333
Time (ms),Voltage (V),Current (A)
-41.67,-1.210,3.615
-41.63,2.403,3.537
-41.60,4.265,3.490
-41.57,7.579,3.412
-41.53,9.482,3.390
-41.50,11.187,3.304
-41.47,12.010,3.246
-41.43,16.172,3.221
-41.40,17.816,3.158
-41.37,19.262,3.091
-41.33,20.948,3.074
-41.30,23.933,3.045
-41.27,26.882,2.941
-41.23,29.181,2.910
-41.20,30.593,2.859
-41.17,32.963,2.843
-41.13,34.490,2.778
-41.10,37.457,2.761
-41.07,39.551,2.709
-41.03,40.444,2.688
-41.00,43.539,2.634
-40.97,46.163,2.603
-40.93,46.483,2.527
-40.90,50.093,2.514
-40.87,51.848,2.492
-40.83,53.510,2.444
-40.80,55.924,2.425
-40.77,57.053,2.361
-40.73,59.317,2.329
-40.70,62.223,2.320
-40.67,64.179,2.315
-40.63,66.760,2.211
-40.60,68.307,2.201
-40.57,69.534,2.197
-40.53,72.475,2.167
-40.50,73.659,2.128
-40.47,76.754,2.059
-40.43,78.077,2.093
-40.40,80.214,2.028
-40.37,82.226,2.028
-40.33,82.484,1.988
-40.30,85.131,1.927
-40.27,87.755,1.924
-40.23,88.440,1.921
-40.20,90.204,1.871
-40.17,92.028,1.856
-40.13,94.860,1.847
-40.10,97.232,1.835
-40.07,99.116,1.822
-40.03,99.845,1.782
-40.00,102.029,1.782
-39.97,104.081,1.759
-39.93,105.089,1.746
-39.90,106.727,1.710
-39.87,108.270,1.662
-39.83,109.553,1.659
-39.80,111.756,1.660
-39.77,113.506,1.608
-39.73,114.450,1.610
-39.70,115.715,1.588
-39.67,117.706,1.601
-39.63,118.697,1.563
-39.60,120.589,1.537
-39.57,122.659,1.574
-39.53,122.514,1.549
-39.50,125.483,1.496
-39.47,125.835,1.526
-39.43,127.026,1.496
-39.40,128.669,1.498
-39.37,130.719,1.502
-39.33,132.418,1.487
-39.30,133.408,1.487
-39.27,134.608,1.489
-39.23,135.393,1.460
-39.20,136.837,1.445
-39.17,137.313,1.455
-39.13,138.720,1.429
-39.10,140.342,1.408
-39.07,142.117,1.454
-39.03,142.525,1.419
-39.00,144.069,1.405
-38.97,144.879,1.408
-38.93,145.622,1.379
-38.90,147.429,1.385
-38.87,147.569,1.410
-38.83,148.422,1.384
-38.80,149.777,1.371
-38.77,150.340,1.394
-38.73,151.333,1.331
-38.70,152.749,1.363
-38.67,153.755,1.332
-38.63,153.588,1.364
-38.60,155.723,1.344
-38.57,155.431,1.337
-38.53,157.075,1.316
-38.50,157.509,1.328
-38.47,158.244,1.302
-38.43,158.403,1.320
-38.40,159.461,1.326
-38.37,159.669,1.325
-38.33,160.875,1.306
-38.30,161.488,1.304
-38.27,161.838,1.355
-38.23,162.450,1.289
-38.20,162.626,1.284
-38.17,163.812,1.315
-38.13,163.357,1.248
-38.10,164.018,1.251
-38.07,164.868,1.308
-38.03,165.368,1.216
-38.00,165.196,1.279
-37.97,165.839,1.292
-37.93,165.847,1.245
-37.90,167.018,1.264
-37.87,167.251,1.253
-37.83,166.844,1.214
-37.80,167.215,1.234
-37.77,167.377,1.263
-37.73,167.097,1.211
-37.70,167.967,1.188
-37.67,167.517,1.230
-37.63,168.552,1.230
-37.60,168.290,1.217
-37.57,169.719,1.191
-37.53,168.146,1.219
-37.50,168.090,1.186
-37.47,168.772,1.211
-37.43,167.493,1.211
-37.40,167.702,1.196
-37.37,167.010,1.170
-37.33,168.246,1.173
-37.30,167.953,1.151
-37.27,168.399,1.117
-37.23,168.436,1.163
-37.20,167.456,1.167
-37.17,167.440,1.190
-37.13,166.460,1.201
-37.10,166.981,1.184
-37.07,166.167,1.146
-37.03,164.954,1.160
-37.00,165.951,1.103
-36.97,165.554,1.127
-36.93,165.331,1.131
-36.90,164.945,1.100
-36.87,163.834,1.170
-36.83,163.524,1.133
-36.80,162.549,1.151
-36.77,162.355,1.119
-36.73,161.178,1.105
-36.70,160.834,1.098
-36.67,161.242,0.991
-36.63,159.252,0.955
-36.60,160.770,0.963
-36.57,158.276,0.937
-36.53,158.888,0.999
-36.50,156.957,0.951
-36.47,156.396,0.975
-36.43,156.163,0.983
-36.40,154.733,0.941
-36.37,153.774,0.924
-36.33,152.612,0.923
-36.30,152.195,0.936
-36.27,151.498,0.898
-36.23,151.882,0.935
-36.20,149.594,0.925
-36.17,148.905,0.893
-36.13,147.718,0.887
-36.10,146.695,0.920
-36.07,146.134,0.885
-36.03,145.277,0.913
-36.00,142.581,0.897
-35.97,141.999,0.830
-35.93,141.972,0.815
-35.90,140.953,0.857
-35.87,139.301,0.840
-35.83,137.933,0.849
-35.80,136.880,0.839
-35.77,135.272,0.808
-35.73,134.608,0.770
-35.70,133.625,0.763
-35.67,132.166,0.800
-35.63,130.087,0.782
-35.60,128.719,0.785
-35.57,127.433,0.767
-35.53,126.401,0.767
-35.50,125.180,0.742
-35.47,123.266,0.733
-35.43,121.717,0.706
-35.40,121.453,0.713
-35.37,118.586,0.719
-35.33,117.632,0.730
-35.30,116.003,0.682
-35.27,114.731,0.692
-35.23,113.181,0.694
-35.20,111.912,0.662
-35.17,109.694,0.693
-35.13,107.930,0.718
-35.10,106.171,0.644
-35.07,105.140,0.648
-35.03,102.729,0.671
-35.00,102.183,0.686
-34.97,100.124,0.636
-34.93,97.681,0.663
-34.90,96.354,0.652
-34.87,94.274,0.627
-34.83,92.135,0.644
-34.80,90.123,0.612
-34.77,89.405,0.624
-34.73,87.918,0.625
-34.70,86.067,0.583
-34.67,84.801,0.574
-34.63,81.766,0.622
-34.60,79.951,0.602
-34.57,77.771,0.574
-34.53,75.392,0.596
-34.50,73.903,0.560
-34.47,72.350,0.569
-34.43,69.884,0.560
-34.40,67.185,0.542
-34.37,66.422,0.588
-34.33,63.116,0.533
-34.30,62.723,0.549
-34.27,59.797,0.483
-34.23,57.901,0.498
-34.20,55.464,0.467
-34.17,54.169,0.491
-34.13,51.856,0.473
-34.10,50.103,0.433
-34.07,47.843,0.457
-34.03,46.080,0.452
-34.00,43.368,0.427
-33.97,40.943,0.405
-33.93,39.624,0.399
-33.90,36.956,0.351
-33.87,35.180,0.369
-33.83,34.037,0.330
-33.80,30.395,0.303
-33.77,28.503,0.302
-33.73,25.752,0.303
-33.70,23.123,0.279
-33.67,22.443,0.282
-33.63,19.764,0.238
-33.60,16.735,0.251
-33.57,15.264,0.222
-33.53,12.997,0.212
-33.50,11.222,0.202
-33.47,9.132,0.163
-33.43,7.208,0.153
-33.40,3.262,0.102
-33.37,1.902,0.062
-33.33,-0.221,0.081
-33.30,-2.863,0.068
-33.27,-3.979,0.047
-33.23,-6.781,0.056
-33.20,-8.933,0.011
-33.17,-11.251,-0.016
-33.13,-13.018,-0.023
-33.10,-14.601,-0.059
-33.07,-17.538,-0.070
-33.03,-18.823,-0.089
-33.00,-22.832,-0.160
-32.97,-24.278,-0.148
-32.93,-26.691,-0.086
-32.90,-27.849,-0.171
-32.87,-30.564,-0.199
-32.83,-32.425,-0.161
-32.80,-35.986,-0.149
-32.77,-36.601,-0.213
-32.73,-39.768,-0.256
-32.70,-40.673,-0.227
-32.67,-44.029,-0.278
-32.63,-44.996,-0.313
-32.60,-48.039,-0.307
-32.57,-49.278,-0.354
-32.53,-51.953,-0.349
-32.50,-53.252,-0.344
-32.47,-56.249,-0.332
-32.43,-58.317,-0.331
-32.40,-58.934,-0.344
-32.37,-61.619,-0.411
-32.33,-64.167,-0.435
-32.30,-66.610,-0.401
-32.27,-68.441,-0.377
-32.23,-70.054,-0.411
-32.20,-71.129,-0.455
-32.17,-74.131,-0.457
-32.13,-76.284,-0.471
-32.10,-78.121,-0.434
-32.07,-79.089,-0.456
-32.03,-81.974,-0.475
-32.00,-83.193,-0.513
-31.97,-85.298,-0.470
-31.93,-87.655,-0.473
-31.90,-89.454,-0.496
-31.87,-91.827,-0.492
-31.83,-92.426,-0.552
-31.80,-94.123,-0.505
-31.77,-95.756,-0.549
-31.73,-98.374,-0.555
-31.70,-99.473,-0.528
-31.67,-101.111,-0.518
-31.63,-103.369,-0.566
-31.60,-104.409,-0.548
-31.57,-106.188,-0.545
-31.53,-108.232,-0.594
-31.50,-109.411,-0.576
-31.47,-111.030,-0.602
-31.43,-112.408,-0.567
-31.40,-114.665,-0.600
-31.37,-116.421,-0.591
-31.33,-116.640,-0.609
-31.30,-119.768,-0.656
-31.27,-121.738,-0.603
-31.23,-122.603,-0.614
-31.20,-123.145,-0.678
-31.17,-125.969,-0.656
-31.13,-125.729,-0.654
-31.10,-127.526,-0.669
-31.07,-128.543,-0.692
-31.03,-129.348,-0.690
-31.00,-131.876,-0.688
-30.97,-133.537,-0.723
-30.93,-134.381,-0.690
-30.90,-135.654,-0.726
-30.87,-136.562,-0.743
-30.83,-137.724,-0.750
-30.80,-139.459,-0.738
-30.77,-140.010,-0.787
-30.73,-141.744,-0.780
-30.70,-141.523,-0.794
-30.67,-144.442,-0.810
-30.63,-145.418,-0.801
-30.60,-145.782,-0.791
-30.57,-146.764,-0.835
-30.53,-147.745,-0.841
-30.50,-147.756,-0.851
-30.47,-150.315,-0.842
-30.43,-151.004,-0.828
-30.40,-152.151,-0.855
-30.37,-151.581,-0.845
-30.33,-153.451,-0.877
-30.30,-154.250,-0.851
-30.27,-154.340,-0.872
-30.23,-155.885,-0.845
-30.20,-156.787,-0.874
-30.17,-156.434,-0.911
-30.13,-158.422,-0.901
-30.10,-158.420,-0.898
-30.07,-159.479,-0.893
-30.03,-160.148,-0.898
-30.00,-161.356,-0.896
-29.97,-160.832,-0.915
-29.93,-163.089,-0.911
-29.90,-162.121,-0.916
-29.87,-163.517,-0.902
-29.83,-162.773,-0.924
-29.80,-164.348,-0.938
-29.77,-164.785,-0.947
-29.73,-164.613,-0.921
-29.70,-165.215,-0.941
-29.67,-165.847,-0.926
-29.63,-166.018,-0.926
-29.60,-165.892,-0.949
-29.57,-166.501,-0.950
-29.53,-166.933,-0.963
-29.50,-166.302,-0.949
-29.47,-167.130,-0.971
-29.43,-166.874,-0.951
-29.40,-166.733,-0.943
-29.37,-167.842,-0.940
-29.33,-167.797,-0.915
-29.30,-168.653,-0.944
-29.27,-167.550,-0.987
-29.23,-167.930,-0.931
-29.20,-168.205,-0.951
-29.17,-168.386,-0.967
-29.13,-168.800,-0.939
-29.10,-169.039,-1.004
-29.07,-167.714,-0.962
-29.03,-167.831,-0.919
-29.00,-169.157,-0.971
-28.97,-168.188,-0.954
-28.93,-167.656,-0.953
-28.90,-167.832,-0.984
-28.87,-167.260,-0.969
-28.83,-167.570,-1.005
-28.80,-167.394,-0.958
-28.77,-166.836,-0.980
-28.73,-166.100,-0.952
-28.70,-166.314,-0.992
-28.67,-165.518,-0.996
-28.63,-165.635,-0.995
-28.60,-165.256,-0.969
-28.57,-164.770,-1.001
-28.53,-163.477,-0.951
-28.50,-163.383,-0.953
-28.47,-164.082,-0.972
-28.43,-162.905,-0.972
-28.40,-162.290,-0.949
-28.37,-161.535,-0.981
-28.33,-160.508,-0.966
-28.30,-160.560,-0.921
-28.27,-159.706,-0.984
-28.23,-159.026,-0.921
-28.20,-157.989,-0.997
-28.17,-158.120,-0.952
-28.13,-156.874,-0.932
-28.10,-155.765,-0.959
-28.07,-155.144,-0.951
-28.03,-154.007,-0.899
-28.00,-153.169,-0.921
-27.97,-153.129,-0.936
-27.93,-151.658,-0.942
-27.90,-150.145,-0.921
-27.87,-149.979,-0.893
-27.83,-148.812,-0.906
-27.80,-148.473,-0.901
-27.77,-147.011,-0.889
-27.73,-145.493,-0.862
-27.70,-144.187,-0.849
-27.67,-144.504,-0.873
-27.63,-142.709,-0.873
-27.60,-141.170,-0.825
-27.57,-140.918,-0.882
-27.53,-139.536,-0.862
-27.50,-138.562,-0.849
-27.47,-137.276,-0.822
-27.43,-135.130,-0.835
-27.40,-134.555,-0.821
-27.37,-132.128,-0.802
-27.33,-131.813,-0.787
-27.30,-130.768,-0.751
-27.27,-129.140,-0.789
-27.23,-126.326,-0.776
-27.20,-125.898,-0.771
-27.17,-125.047,-0.745
-27.13,-124.281,-0.787
-27.10,-121.766,-0.745
-27.07,-120.599,-0.735
-27.03,-119.158,-0.692
-27.00,-118.105,-0.740
-26.97,-115.908,-0.731
-26.93,-114.563,-0.685
-26.90,-113.052,-0.680
-26.87,-111.961,-0.652
-26.83,-110.119,-0.658
-26.80,-107.963,-0.677
-26.77,-106.766,-0.658
-26.73,-104.281,-0.669
-26.70,-102.741,-0.651
-26.67,-101.311,-0.660
-26.63,-99.446,-0.653
-26.60,-98.438,-0.669
-26.57,-96.813,-0.634
-26.53,-95.449,-0.628
-26.50,-93.584,-0.647
-26.47,-90.472,-0.624
-26.43,-89.221,-0.646
-26.40,-87.227,-0.631
-26.37,-84.899,-0.637
-26.33,-83.763,-0.589
-26.30,-82.279,-0.559
-26.27,-79.549,-0.633
-26.23,-78.260,-0.572
-26.20,-75.775,-0.580
-26.17,-73.626,-0.596
-26.13,-71.733,-0.566
-26.10,-70.113,-0.547
-26.07,-68.482,-0.551
-26.03,-66.382,-0.531
-26.00,-64.151,-0.530
-25.97,-62.050,-0.499
-25.93,-60.798,-0.551
-25.90,-58.472,-0.508
-25.87,-56.334,-0.489
-25.83,-53.092,-0.502
-25.80,-51.877,-0.457
-25.77,-49.959,-0.475
-25.73,-47.971,-0.448
-25.70,-45.876,-0.424
-25.67,-44.136,-0.431
-25.63,-41.957,-0.416
-25.60,-38.622,-0.381
-25.57,-37.238,-0.391
-25.53,-35.245,-0.341
-25.50,-32.107,-0.352
-25.47,-30.099,-0.360
-25.43,-28.411,-0.330
-25.40,-25.613,-0.262
-25.37,-23.334,-0.281
-25.33,-21.792,-0.308
-25.30,-19.895,-0.248
-25.27,-16.872,-0.217
-25.23,-16.117,-0.235
-25.20,-13.689,-0.201
-25.17,-11.675,-0.179
-25.13,-8.513,-0.140
-25.10,-6.602,-0.119
-25.07,-4.720,-0.124
-25.03,-1.957,-0.123
-25.00,-0.076,-0.049
-24.97,2.192,-0.050
-24.93,4.256,-0.070
-24.90,6.475,0.001
-24.87,8.640,-0.044
-24.83,11.202,0.019
-24.80,13.171,0.014
-24.77,16.139,0.063
-24.73,17.287,0.087
-24.70,19.909,0.073
-24.67,21.670,0.103
-24.63,23.636,0.151
-24.60,26.998,0.152
-24.57,27.960,0.189
-24.53,30.000,0.174
-24.50,32.711,0.176
-24.47,34.667,0.214
-24.43,37.329,0.182
-24.40,39.255,0.242
-24.37,40.960,0.246
-24.33,43.977,0.226
-24.30,45.819,0.297
-24.27,48.729,0.330
-24.23,50.178,0.298
-24.20,51.619,0.307
-24.17,54.321,0.344
-24.13,55.501,0.363
-24.10,58.596,0.349
-24.07,60.057,0.412
-24.03,62.803,0.377
-24.00,63.941,0.380
-23.97,66.534,0.393
-23.93,68.049,0.442
-23.90,70.397,0.412
-23.87,71.954,0.384
-23.83,72.766,0.437
-23.80,75.387,0.465
-23.77,77.748,0.469
-23.73,79.166,0.472
-23.70,81.887,0.466
-23.67,84.046,0.475
-23.63,85.451,0.502
-23.60,87.907,0.465
-23.57,88.565,0.507
-23.53,91.291,0.486
-23.50,92.992,0.456
-23.47,94.747,0.520
-23.43,96.037,0.503
-23.40,97.823,0.541
-23.37,99.173,0.516
-23.33,100.971,0.514
-23.30,102.400,0.545
-23.27,105.011,0.589
-23.23,106.424,0.565
-23.20,108.381,0.579
-23.17,109.893,0.579
-23.13,110.708,0.547
-23.10,112.493,0.579
-23.07,115.054,0.601
-23.03,116.211,0.585
-23.00,117.309,0.672
-22.97,118.984,0.630
-22.93,120.160,0.614
-22.90,121.870,0.633
-22.87,123.944,0.649
-22.83,125.303,0.683
-22.80,126.845,0.677
-22.77,128.440,0.704
-22.73,128.650,0.687
-22.70,130.131,0.646
-22.67,131.779,0.709
-22.63,133.617,0.689
-22.60,134.344,0.686
-22.57,136.591,0.729
-22.53,136.184,0.736
-22.50,138.335,0.766
-22.47,139.719,0.754
-22.43,139.211,0.776
-22.40,141.985,0.778
-22.37,142.308,0.769
-22.33,144.369,0.811
-22.30,144.524,0.784
-22.27,146.070,0.801
-22.23,146.600,0.810
-22.20,148.775,0.820
-22.17,148.823,0.825
-22.13,150.587,0.832
-22.10,151.122,0.785
-22.07,152.228,0.862
-22.03,152.680,0.867
-22.00,153.851,0.836
-21.97,153.975,0.875
-21.93,154.872,0.883
-21.90,156.501,0.854
-21.87,157.127,0.907
-21.83,157.382,0.905
-21.80,158.091,0.869
-21.77,159.107,0.919
-21.73,159.396,0.904
-21.70,159.876,0.910
-21.67,159.921,0.903
-21.63,161.096,0.922
-21.60,161.794,0.953
-21.57,161.834,0.919
-21.53,163.653,0.911
-21.50,162.989,0.936
-21.47,163.436,0.930
-21.43,163.818,0.951
-21.40,164.431,0.902
-21.37,165.388,0.936
-21.33,165.342,0.927
-21.30,165.963,0.892
-21.27,166.720,0.964
-21.23,166.569,0.962
-21.20,167.064,0.923
-21.17,167.482,0.955
-21.13,166.725,0.957
-21.10,166.761,0.972
-21.07,168.173,0.927
-21.03,167.756,0.970
-21.00,167.869,0.945
-20.97,168.875,0.939
-20.93,167.521,0.969
-20.90,168.436,0.927
-20.87,169.490,0.979
-20.83,167.953,0.968
-20.80,167.936,0.954
-20.77,168.221,0.940
-20.73,168.290,0.996
-20.70,166.963,0.975
-20.67,167.564,0.969
-20.63,167.681,0.971
-20.60,167.920,0.948
-20.57,167.494,1.002
-20.53,166.649,0.959
-20.50,167.237,0.971
-20.47,166.785,0.987
-20.43,166.542,0.990
-20.40,166.048,0.939
-20.37,166.666,0.971
-20.33,165.471,0.996
-20.30,165.678,0.989
-20.27,165.271,1.007
-20.23,164.743,0.941
-20.20,164.101,0.940
-20.17,163.722,0.963
-20.13,163.084,0.974
-20.10,162.226,0.940
-20.07,162.172,0.966
-20.03,161.430,0.950
-20.00,159.993,0.979
-19.97,160.345,0.946
-19.93,159.187,1.012
-19.90,158.656,0.954
-19.87,157.620,0.926
-19.83,157.219,0.952
-19.80,156.237,0.956
-19.77,156.183,0.906
-19.73,155.049,0.968
-19.70,153.379,0.914
-19.67,153.054,0.969
-19.63,152.470,0.947
-19.60,151.951,0.924
-19.57,150.759,0.913
-19.53,149.047,0.928
-19.50,149.222,0.911
-19.47,147.964,0.888
-19.43,146.816,0.892
-19.40,145.686,0.903
-19.37,144.372,0.884
-19.33,144.017,0.868
-19.30,142.645,0.872
-19.27,141.094,0.861
-19.23,140.253,0.864
-19.20,139.238,0.856
-19.17,137.741,0.833
-19.13,136.638,0.818
-19.10,135.827,0.810
-19.07,134.556,0.826
-19.03,133.415,0.771
-19.00,131.614,0.771
-18.97,130.017,0.833
-18.93,130.012,0.799
-18.90,127.447,0.747
-18.87,126.284,0.745
-18.83,124.566,0.722
-18.80,123.590,0.724
-18.77,121.658,0.767
-18.73,120.395,0.773
-18.70,119.349,0.722
-18.67,117.400,0.711
-18.63,115.952,0.725
-18.60,114.835,0.712
-18.57,113.867,0.686
-18.53,112.006,0.722
-18.50,110.587,0.703
-18.47,108.230,0.679
-18.43,106.341,0.659
-18.40,104.921,0.680
-18.37,102.405,0.644
-18.33,102.010,0.634
-18.30,99.609,0.685
-18.27,98.205,0.661
-18.23,96.359,0.633
-18.20,94.500,0.644
-18.17,92.974,0.619
-18.13,89.770,0.605
-18.10,88.910,0.628
-18.07,87.590,0.619
-18.03,85.222,0.608
-18.00,84.002,0.581
-17.97,81.570,0.606
-17.93,80.513,0.579
-17.90,77.948,0.597
-17.87,75.985,0.561
-17.83,73.373,0.575
-17.80,72.181,0.563
-17.77,69.846,0.534
-17.73,67.775,0.506
-17.70,66.647,0.559
-17.67,64.181,0.522
-17.63,62.612,0.524
-17.60,60.817,0.504
-17.57,57.268,0.488
-17.53,55.100,0.496
-17.50,52.900,0.502
-17.47,51.861,0.480
-17.43,49.160,0.452
-17.40,47.722,0.455
-17.37,45.331,0.427
-17.33,43.481,0.391
-17.30,42.024,0.406
-17.27,39.243,0.412
-17.23,36.174,0.380
-17.20,34.976,0.353
-17.17,32.661,0.355
-17.13,30.471,0.314
-17.10,28.460,0.308
-17.07,26.401,0.333
-17.03,24.194,0.267
-17.00,22.499,0.263
-16.97,20.066,0.249
-16.93,16.963,0.223
-16.90,15.947,0.201
-16.87,13.266,0.177
-16.83,11.743,0.186
-16.80,9.906,0.136
-16.77,7.699,0.136
-16.73,4.902,0.085
-16.70,1.279,0.069
-16.67,0.954,0.078
-16.63,-2.686,0.051
-16.60,-3.563,0.049
-16.57,-6.099,0.030
-16.53,-8.575,0.029
-16.50,-10.660,0.006
-16.47,-12.431,-0.055
-16.43,-16.071,-0.051
-16.40,-17.148,-0.070
-16.37,-19.729,-0.053
-16.33,-22.565,-0.084
-16.30,-24.849,-0.154
-16.27,-25.771,-0.168
-16.23,-28.391,-0.175
-16.20,-30.425,-0.169
-16.17,-32.419,-0.204
-16.13,-35.767,-0.210
-16.10,-36.445,-0.203
-16.07,-39.079,-0.244
-16.03,-41.325,-0.263
-16.00,-43.561,-0.267
-15.97,-46.201,-0.285
-15.93,-48.150,-0.300
-15.90,-49.646,-0.278
-15.87,-50.915,-0.285
-15.83,-54.153,-0.360
-15.80,-56.193,-0.329
-15.77,-57.638,-0.329
-15.73,-60.331,-0.345
-15.70,-62.826,-0.393
-15.67,-64.275,-0.373
-15.63,-66.781,-0.360
-15.60,-68.341,-0.401
-15.57,-69.664,-0.471
-15.53,-72.130,-0.432
-15.50,-73.662,-0.442
-15.47,-76.244,-0.399
-15.43,-78.363,-0.445
-15.40,-78.861,-0.465
-15.37,-82.014,-0.466
-15.33,-82.176,-0.456
-15.30,-85.670,-0.450
-15.27,-88.452,-0.469
-15.23,-88.050,-0.549
-15.20,-91.877,-0.474
-15.17,-92.419,-0.516
-15.13,-94.304,-0.518
-15.10,-96.642,-0.530
-15.07,-98.056,-0.530
-15.03,-99.648,-0.535
-15.00,-101.738,-0.562
-14.97,-102.580,-0.566
-14.93,-104.640,-0.515
-14.90,-106.880,-0.579
-14.87,-108.354,-0.554
-14.83,-109.418,-0.555
-14.80,-111.446,-0.586
-14.77,-113.042,-0.610
-14.73,-115.125,-0.616
-14.70,-116.356,-0.625
-14.67,-118.587,-0.632
-14.63,-119.329,-0.597
-14.60,-119.701,-0.641
-14.57,-123.020,-0.609
-14.53,-123.887,-0.628
-14.50,-124.873,-0.652
-14.47,-125.735,-0.664
-14.43,-126.007,-0.676
-14.40,-128.476,-0.713
-14.37,-130.839,-0.704
-14.33,-131.377,-0.690
-14.30,-133.400,-0.766
-14.27,-134.409,-0.710
-14.23,-135.360,-0.694
-14.20,-136.502,-0.750
-14.17,-137.815,-0.736
-14.13,-139.723,-0.727
-14.10,-139.589,-0.739
-14.07,-141.574,-0.763
-14.03,-143.058,-0.753
-14.00,-143.938,-0.793
-13.97,-144.267,-0.786
-13.93,-145.638,-0.798
-13.90,-146.727,-0.826
-13.87,-148.316,-0.808
-13.83,-147.921,-0.838
-13.80,-150.699,-0.838
-13.77,-150.526,-0.819
-13.73,-151.818,-0.856
-13.70,-152.288,-0.860
-13.67,-153.512,-0.877
-13.63,-154.654,-0.870
-13.60,-155.548,-0.848
-13.57,-156.369,-0.915
-13.53,-157.084,-0.865
-13.50,-157.252,-0.858
-13.47,-158.280,-0.924
-13.43,-158.301,-0.898
-13.40,-159.028,-0.884
-13.37,-159.802,-0.906
-13.33,-160.380,-0.890
-13.30,-160.892,-0.918
-13.27,-161.645,-0.949
-13.23,-161.661,-0.945
-13.20,-163.312,-0.957
-13.17,-163.860,-0.943
-13.13,-163.970,-0.921
-13.10,-163.432,-0.914
-13.07,-164.703,-0.976
-13.03,-164.395,-0.960
-13.00,-165.842,-0.917
-12.97,-165.640,-0.935
-12.93,-165.635,-0.961
-12.90,-165.845,-0.958
-12.87,-167.587,-0.956
-12.83,-168.026,-0.968
-12.80,-167.546,-0.947
-12.77,-167.604,-0.960
-12.73,-166.977,-0.937
-12.70,-167.223,-0.962
-12.67,-167.392,-0.962
-12.63,-167.786,-0.968
-12.60,-167.727,-0.976
-12.57,-167.520,-0.953
-12.53,-167.924,-0.935
-12.50,-169.481,-0.966
-12.47,-168.868,-0.977
-12.43,-167.815,-0.969
-12.40,-168.822,-0.962
-12.37,-169.271,-0.964
-12.33,-167.690,-0.988
-12.30,-167.616,-0.950
-12.27,-167.213,-0.977
-12.23,-167.010,-0.944
-12.20,-166.596,-0.965
-12.17,-167.512,-0.945
-12.13,-167.263,-0.991
-12.10,-165.979,-0.966
-12.07,-166.896,-0.979
-12.03,-166.939,-0.968
-12.00,-164.654,-0.978
-11.97,-166.083,-1.010
-11.93,-164.856,-0.978
-11.90,-164.026,-0.949
-11.87,-162.808,-0.984
-11.83,-163.452,-1.000
-11.80,-162.772,-0.977
-11.77,-162.514,-0.949
-11.73,-162.223,-0.990
-11.70,-162.700,-1.006
-11.67,-161.036,-0.963
-11.63,-160.367,-0.947
-11.60,-159.748,-0.949
-11.57,-159.027,-0.958
-11.53,-158.032,-0.926
-11.50,-156.959,-0.945
-11.47,-156.404,-0.938
-11.43,-155.826,-0.923
-11.40,-154.698,-0.926
-11.37,-154.197,-0.907
-11.33,-153.711,-0.935
-11.30,-151.926,-0.887
-11.27,-151.502,-0.917
-11.23,-150.019,-0.869
-11.20,-150.246,-0.919
-11.17,-148.548,-0.928
-11.13,-147.913,-0.888
-11.10,-147.023,-0.916
-11.07,-146.235,-0.912
-11.03,-144.675,-0.888
-11.00,-143.305,-0.852
-10.97,-142.950,-0.849
-10.93,-141.452,-0.858
-10.90,-141.120,-0.865
-10.87,-139.589,-0.818
-10.83,-138.647,-0.814
-10.80,-137.075,-0.832
-10.77,-136.080,-0.800
-10.73,-134.112,-0.797
-10.70,-132.601,-0.808
-10.67,-132.108,-0.818
-10.63,-130.524,-0.810
-10.60,-128.755,-0.823
-10.57,-127.014,-0.777
-10.53,-127.307,-0.772
-10.50,-123.720,-0.757
-10.47,-122.919,-0.775
-10.43,-121.849,-0.732
-10.40,-119.893,-0.730
-10.37,-119.715,-0.731
-10.33,-117.435,-0.727
-10.30,-116.611,-0.716
-10.27,-115.772,-0.699
-10.23,-113.204,-0.692
-10.20,-110.811,-0.698
-10.17,-109.660,-0.675
-10.13,-108.286,-0.672
-10.10,-107.476,-0.671
-10.07,-104.340,-0.694
-10.03,-103.206,-0.682
-10.00,-100.920,-0.645
-9.97,-99.448,-0.642
-9.93,-98.026,-0.645
-9.90,-96.956,-0.685
-9.87,-94.064,-0.627
-9.83,-92.560,-0.630
-9.80,-90.922,-0.601
-9.77,-89.891,-0.623
-9.73,-86.749,-0.613
-9.70,-85.411,-0.620
-9.67,-84.239,-0.585
-9.63,-81.533,-0.602
-9.60,-81.121,-0.565
-9.57,-77.206,-0.582
-9.53,-75.567,-0.597
-9.50,-74.124,-0.558
-9.47,-72.073,-0.564
-9.43,-70.264,-0.550
-9.40,-68.470,-0.530
-9.37,-66.196,-0.582
-9.33,-63.700,-0.573
-9.30,-62.139,-0.501
-9.27,-59.235,-0.535
-9.23,-58.291,-0.524
-9.20,-56.085,-0.519
-9.17,-53.829,-0.490
-9.13,-51.838,-0.442
-9.10,-49.036,-0.473
-9.07,-47.285,-0.447
-9.03,-46.402,-0.444
-9.00,-42.741,-0.433
-8.97,-41.677,-0.395
-8.93,-38.947,-0.404
-8.90,-37.384,-0.373
-8.87,-34.977,-0.337
-8.83,-32.302,-0.331
-8.80,-31.193,-0.320
-8.77,-27.329,-0.314
-8.73,-25.733,-0.293
-8.70,-25.067,-0.303
-8.67,-22.015,-0.266
-8.63,-19.713,-0.238
-8.60,-16.096,-0.207
-8.57,-14.731,-0.228
-8.53,-13.837,-0.189
-8.50,-11.077,-0.176
-8.47,-7.678,-0.199
-8.43,-6.811,-0.069
-8.40,-3.794,-0.147
-8.37,-2.769,-0.110
-8.33,-0.241,-0.060
-8.30,3.461,-0.071
-8.27,4.523,-0.040
-8.23,7.796,-0.018
-8.20,8.742,0.009
-8.17,10.958,0.007
-8.13,12.907,0.038
-8.10,15.497,0.077
-8.07,17.501,0.090
-8.03,20.730,0.092
-8.00,21.805,0.071
-7.97,24.404,0.125
-7.93,26.564,0.157
-7.90,29.177,0.164
-7.87,30.741,0.168
-7.83,33.674,0.207
-7.80,35.387,0.229
-7.77,37.599,0.232
-7.73,39.438,0.287
-7.70,40.971,0.239
-7.67,43.574,0.281
-7.63,45.798,0.305
-7.60,47.816,0.329
-7.57,49.814,0.305
-7.53,52.565,0.334
-7.50,53.638,0.351
-7.47,56.292,0.357
-7.43,58.191,0.313
-7.40,59.737,0.387
-7.37,62.253,0.361
-7.33,64.020,0.379
-7.30,66.204,0.386
-7.27,67.915,0.431
-7.23,70.630,0.427
-7.20,72.321,0.420
-7.17,73.307,0.409
-7.13,76.697,0.458
-7.10,77.874,0.497
-7.07,80.018,0.472
-7.03,81.941,0.443
-7.00,84.228,0.445
-6.97,85.899,0.452
-6.93,87.660,0.462
-6.90,88.181,0.453
-6.87,90.143,0.496
-6.83,93.216,0.483
-6.80,94.519,0.495
-6.77,96.086,0.511
-6.73,97.342,0.566
-6.70,99.060,0.540
-6.67,101.097,0.545
-6.63,102.763,0.556
-6.60,105.029,0.527
-6.57,106.624,0.550
-6.53,108.041,0.590
-6.50,109.565,0.566
-6.47,112.048,0.566
-6.43,113.886,0.609
-6.40,114.323,0.623
-6.37,116.667,0.570
-6.33,116.377,0.610
-6.30,120.126,0.605
-6.27,120.924,0.609
-6.23,121.699,0.649
-6.20,123.302,0.655
-6.17,124.983,0.656
-6.13,125.537,0.678
-6.10,129.035,0.655
-6.07,128.361,0.705
-6.03,130.493,0.696
-6.00,131.538,0.713
-5.97,132.728,0.703
-5.93,134.659,0.723
-5.90,135.965,0.728
-5.87,136.351,0.711
-5.83,138.489,0.746
-5.80,139.900,0.789
-5.77,140.490,0.751
-5.73,141.259,0.766
-5.70,143.017,0.774
-5.67,144.302,0.817
-5.63,145.004,0.806
-5.60,145.840,0.794
-5.57,147.180,0.836
-5.53,147.755,0.847
-5.50,149.371,0.850
-5.47,150.722,0.810
-5.43,151.270,0.821
-5.40,152.065,0.856
-5.37,152.492,0.881
-5.33,152.209,0.860
-5.30,154.532,0.856
-5.27,155.509,0.864
-5.23,155.920,0.865
-5.20,156.251,0.920
-5.17,157.350,0.925
-5.13,157.840,0.865
-5.10,157.745,0.937
-5.07,159.581,0.923
-5.03,159.446,0.916
-5.00,160.839,0.913
-4.97,161.346,0.971
-4.93,162.220,0.945
-4.90,163.561,0.906
-4.87,163.156,0.947
-4.83,164.079,0.911
-4.80,163.894,0.958
-4.77,163.738,0.954
-4.73,164.187,0.908
-4.70,164.240,0.925
-4.67,165.217,0.918
-4.63,166.243,0.926
-4.60,165.397,0.941
-4.57,166.429,0.997
-4.53,167.191,0.958
-4.50,167.775,0.958
-4.47,167.964,0.950
-4.43,167.736,0.940
-4.40,167.560,0.953
-4.37,167.558,0.955
-4.33,167.838,0.978
-4.30,167.855,0.945
-4.27,167.949,0.975
-4.23,167.879,0.964
-4.20,168.591,0.968
-4.17,169.184,0.960
-4.13,168.824,0.939
-4.10,168.565,0.920
-4.07,167.668,0.960
-4.03,168.970,0.954
-4.00,168.043,0.953
-3.97,167.765,0.992
-3.93,167.881,0.992
-3.90,168.078,0.976
-3.87,167.651,1.004
-3.83,165.897,0.943
-3.80,166.699,0.953
-3.77,167.419,0.998
-3.73,166.566,0.976
-3.70,166.575,1.047
-3.67,165.196,0.981
-3.63,165.546,0.981
-3.60,164.729,0.990
-3.57,163.350,0.957
-3.53,164.636,0.964
-3.50,163.510,0.984
-3.47,163.196,0.970
-3.43,162.230,0.965
-3.40,161.520,0.950
-3.37,160.781,0.944
-3.33,160.682,0.954
-3.30,160.267,0.978
-3.27,159.183,0.976
-3.23,157.258,0.937
-3.20,158.154,0.980
-3.17,156.995,0.928
-3.13,157.126,0.967
-3.10,155.873,0.934
-3.07,155.410,0.965
-3.03,154.775,0.912
-3.00,152.304,0.914
-2.97,152.946,0.931
-2.93,151.539,0.937
-2.90,150.308,0.897
-2.87,150.220,0.921
-2.83,148.817,0.898
-2.80,148.332,0.931
-2.77,146.247,0.872
-2.73,145.783,0.865
-2.70,144.562,0.867
-2.67,143.075,0.839
-2.63,142.028,0.847
-2.60,141.067,0.881
-2.57,139.788,0.826
-2.53,138.507,0.842
-2.50,137.603,0.807
-2.47,137.280,0.801
-2.43,136.102,0.774
-2.40,134.151,0.812
-2.37,134.154,0.808
-2.33,132.054,0.793
-2.30,130.930,0.798
-2.27,128.872,0.760
-2.23,127.440,0.776
-2.20,126.492,0.736
-2.17,124.780,0.754
-2.13,124.035,0.790
-2.10,121.782,0.722
-2.07,120.889,0.746
-2.03,118.283,0.730
-2.00,118.877,0.741
-1.97,115.652,0.717
-1.93,113.656,0.684
-1.90,112.975,0.703
-1.87,111.101,0.668
-1.83,109.545,0.669
-1.80,107.910,0.665
-1.77,106.720,0.673
-1.73,105.057,0.645
-1.70,103.039,0.656
-1.67,101.427,0.648
-1.63,100.719,0.656
-1.60,98.095,0.645
-1.57,96.003,0.658
-1.53,94.306,0.614
-1.50,92.324,0.638
-1.47,90.721,0.620
-1.43,89.538,0.598
-1.40,86.753,0.598
-1.37,85.541,0.622
-1.33,83.672,0.598
-1.30,82.051,0.577
-1.27,79.327,0.586
-1.23,78.013,0.607
-1.20,75.565,0.590
-1.17,73.181,0.564
-1.13,71.393,0.566
-1.10,70.118,0.500
-1.07,67.994,0.557
-1.03,65.768,0.541
-1.00,62.588,0.526
-0.97,61.977,0.513
-0.93,59.479,0.539
-0.90,58.017,0.512
-0.87,56.194,0.515
-0.83,54.270,0.477
-0.80,52.023,0.484
-0.77,50.383,0.427
-0.73,48.018,0.425
-0.70,44.659,0.442
-0.67,43.403,0.404
-0.63,41.422,0.444
-0.60,39.034,0.366
-0.57,36.706,0.382
-0.53,34.130,0.397
-0.50,33.229,0.339
-0.47,29.759,0.351
-0.43,28.161,0.291
-0.40,26.541,0.294
-0.37,24.202,0.268
-0.33,22.091,0.243
-0.30,19.940,0.268
-0.27,17.482,0.261
-0.23,15.403,0.193
-0.20,13.122,0.198
-0.17,10.890,0.193
-0.13,8.690,0.141
-0.10,7.517,0.130
-0.07,4.578,0.111
-0.03,1.561,0.105
0.00,0.765,0.100
0.03,-2.302,0.084
0.07,-4.560,0.053
0.10,-7.044,0.017
0.13,-8.981,-0.021
0.17,-10.632,-0.012
0.20,-12.783,-0.046
0.23,-15.126,-0.054
0.27,-17.314,0.002
0.30,-18.847,-0.120
0.33,-21.640,-0.147
0.37,-24.597,-0.126
0.40,-26.368,-0.143
0.43,-28.763,-0.132
0.47,-31.211,-0.195
0.50,-32.471,-0.226
0.53,-35.387,-0.221
0.57,-36.427,-0.217
0.60,-38.425,-0.215
0.63,-41.785,-0.230
0.67,-43.075,-0.295
0.70,-45.836,-0.267
0.73,-46.891,-0.282
0.77,-49.800,-0.324
0.80,-52.335,-0.319
0.83,-53.685,-0.345
0.87,-55.813,-0.358
0.90,-57.986,-0.369
0.93,-59.728,-0.367
0.97,-62.547,-0.366
1.00,-63.323,-0.388
1.03,-65.699,-0.413
1.07,-68.215,-0.401
1.10,-70.456,-0.462
1.13,-72.156,-0.403
1.17,-74.093,-0.458
1.20,-76.049,-0.442
1.23,-78.100,-0.422
1.27,-79.228,-0.483
1.30,-81.064,-0.451
1.33,-83.552,-0.463
1.37,-85.801,-0.489
1.40,-87.280,-0.461
1.43,-88.646,-0.478
1.47,-91.500,-0.495
1.50,-92.694,-0.508
1.53,-95.026,-0.492
1.57,-97.527,-0.520
1.60,-97.124,-0.517
1.63,-99.957,-0.534
1.67,-100.761,-0.536
1.70,-103.569,-0.551
1.73,-105.454,-0.547
1.77,-107.597,-0.552
1.80,-108.420,-0.560
1.83,-110.093,-0.598
1.87,-112.347,-0.549
1.90,-113.486,-0.570
1.93,-114.324,-0.581
1.97,-115.660,-0.569
2.00,-117.342,-0.606
2.03,-119.302,-0.613
2.07,-120.400,-0.637
2.10,-122.113,-0.635
2.13,-123.872,-0.659
2.17,-125.047,-0.666
2.20,-126.127,-0.668
2.23,-129.085,-0.657
2.27,-129.100,-0.657
2.30,-131.707,-0.663
2.33,-131.516,-0.689
2.37,-133.227,-0.687
2.40,-134.238,-0.725
2.43,-135.378,-0.713
2.47,-136.934,-0.742
2.50,-138.121,-0.755
2.53,-138.948,-0.738
2.57,-140.005,-0.758
2.60,-141.875,-0.774
2.63,-143.036,-0.778
2.67,-144.328,-0.798
2.70,-145.357,-0.792
2.73,-146.413,-0.817
2.77,-147.007,-0.851
2.80,-147.248,-0.828
2.83,-149.046,-0.818
2.87,-149.735,-0.824
2.90,-151.191,-0.868
2.93,-151.727,-0.842
2.97,-152.602,-0.824
3.00,-154.812,-0.884
3.03,-154.103,-0.907
3.07,-154.179,-0.830
3.10,-156.676,-0.905
3.13,-157.027,-0.924
3.17,-156.478,-0.903
3.20,-158.303,-0.864
3.23,-158.557,-0.921
3.27,-159.227,-0.900
3.30,-159.225,-0.949
3.33,-160.642,-0.930
3.37,-160.779,-0.920
3.40,-162.320,-0.908
3.43,-162.683,-0.921
3.47,-162.627,-0.907
3.50,-163.471,-0.937
3.53,-164.512,-0.945
3.57,-165.362,-0.937
3.60,-164.670,-0.955
3.63,-164.907,-0.908
3.67,-165.505,-0.958
3.70,-165.754,-0.949
3.73,-166.469,-0.936
3.77,-166.877,-0.932
3.80,-167.338,-0.953
3.83,-166.971,-0.977
3.87,-167.293,-0.935
3.90,-167.569,-0.977
3.93,-167.868,-0.919
3.97,-167.141,-0.962
4.00,-167.565,-0.938
4.03,-168.047,-0.958
4.07,-168.950,-0.972
4.10,-168.186,-0.995
4.13,-168.717,-0.981
4.17,-168.527,-0.987
4.20,-169.153,-0.993
4.23,-167.837,-0.984
4.27,-168.062,-0.944
4.30,-167.775,-0.959
4.33,-167.934,-0.969
4.37,-167.480,-0.970
4.40,-167.931,-0.986
4.43,-167.373,-0.995
4.47,-166.491,-0.999
4.50,-167.638,-0.952
4.53,-166.174,-1.010
4.57,-166.418,-0.959
4.60,-166.050,-0.993
4.63,-165.960,-0.974
4.67,-165.004,-0.993
4.70,-165.400,-0.963
4.73,-164.336,-0.962
4.77,-164.399,-0.970
4.80,-164.419,-1.001
4.83,-162.330,-0.955
4.87,-162.100,-0.973
4.90,-162.332,-0.979
4.93,-161.362,-0.967
4.97,-160.183,-0.947
5.00,-160.633,-0.977
5.03,-159.566,-0.971
5.07,-160.587,-0.946
5.10,-157.812,-0.946
5.13,-157.848,-0.977
5.17,-156.823,-0.962
5.20,-156.081,-0.932
5.23,-156.491,-0.926
5.27,-154.622,-0.939
5.30,-154.970,-0.937
5.33,-153.829,-0.940
5.37,-152.758,-0.908
5.40,-152.487,-0.912
5.43,-150.150,-0.963
5.47,-150.351,-0.910
5.50,-149.653,-0.898
5.53,-147.578,-0.909
5.57,-147.113,-0.902
5.60,-145.063,-0.882
5.63,-144.846,-0.881
5.67,-143.525,-0.856
5.70,-141.966,-0.869
5.73,-142.130,-0.863
5.77,-139.927,-0.827
5.80,-139.735,-0.851
5.83,-137.919,-0.847
5.87,-136.958,-0.798
5.90,-136.286,-0.856
5.93,-134.262,-0.826
5.97,-133.217,-0.806
6.00,-131.640,-0.798
6.03,-130.217,-0.796
6.07,-128.955,-0.767
6.10,-128.162,-0.729
6.13,-126.422,-0.770
6.17,-124.592,-0.736
6.20,-123.632,-0.747
6.23,-122.452,-0.749
6.27,-121.758,-0.753
6.30,-118.877,-0.753
6.33,-118.367,-0.711
6.37,-116.232,-0.712
6.40,-114.341,-0.696
6.43,-113.839,-0.701
6.47,-111.408,-0.672
6.50,-109.075,-0.707
6.53,-108.564,-0.671
6.57,-107.059,-0.656
6.60,-105.193,-0.652
6.63,-103.235,-0.654
6.67,-101.452,-0.614
6.70,-99.875,-0.647
6.73,-98.969,-0.649
6.77,-96.669,-0.642
6.80,-94.065,-0.640
6.83,-92.532,-0.655
6.87,-90.647,-0.611
6.90,-88.852,-0.604
6.93,-87.294,-0.593
6.97,-86.021,-0.646
7.00,-83.307,-0.643
7.03,-82.701,-0.578
7.07,-79.538,-0.568
7.10,-78.426,-0.625
7.13,-75.639,-0.570
7.17,-74.599,-0.580
7.20,-72.301,-0.541
7.23,-69.772,-0.559
7.27,-68.565,-0.567
7.30,-65.586,-0.538
7.33,-64.583,-0.527
7.37,-62.006,-0.546
7.40,-60.236,-0.510
7.43,-57.525,-0.467
7.47,-55.662,-0.522
7.50,-54.608,-0.489
7.53,-52.759,-0.480
7.57,-49.927,-0.457
7.60,-48.020,-0.467
7.63,-45.081,-0.426
7.67,-43.820,-0.391
7.70,-41.490,-0.422
7.73,-39.101,-0.425
7.77,-38.023,-0.427
7.80,-35.118,-0.377
7.83,-32.692,-0.376
7.87,-31.578,-0.329
7.90,-28.757,-0.330
7.93,-26.239,-0.361
7.97,-23.718,-0.278
8.00,-21.720,-0.288
8.03,-20.232,-0.250
8.07,-18.636,-0.237
8.10,-14.997,-0.229
8.13,-13.057,-0.168
8.17,-10.717,-0.171
8.20,-8.621,-0.188
8.23,-6.500,-0.153
8.27,-4.960,-0.133
8.30,-2.385,-0.104
8.33,0.023,-0.124
8.37,3.122,-0.055
8.40,4.477,-0.084
8.43,5.439,-0.020
8.47,9.276,-0.022
8.50,11.871,0.019
8.53,13.753,0.059
8.57,15.534,0.086
8.60,17.328,0.092
8.63,20.277,0.018
8.67,21.238,0.131
8.70,23.300,0.137
8.73,26.734,0.164
8.77,28.825,0.153
8.80,31.134,0.202
8.83,32.321,0.188
8.87,34.634,0.203
8.90,37.496,0.246
8.93,39.608,0.242
8.97,41.043,0.236
9.00,43.568,0.249
9.03,45.331,0.284
9.07,47.382,0.286
9.10,50.149,0.301
9.13,51.500,0.327
9.17,53.306,0.343
9.20,56.879,0.349
9.23,58.267,0.368
9.27,60.124,0.360
9.30,61.334,0.350
9.33,64.137,0.426
9.37,66.219,0.389
9.40,69.113,0.398
9.43,70.262,0.415
9.47,72.320,0.413
9.50,74.720,0.414
9.53,76.592,0.424
9.57,76.887,0.473
9.60,79.450,0.479
9.63,82.051,0.433
9.67,83.567,0.449
9.70,85.241,0.504
9.73,87.976,0.472
9.77,88.885,0.506
9.80,91.076,0.512
9.83,92.785,0.516
9.87,94.648,0.518
9.90,96.600,0.506
9.93,98.217,0.571
9.97,99.819,0.527
10.00,101.042,0.544
10.03,103.140,0.538
10.07,104.836,0.515
10.10,106.084,0.577
10.13,107.612,0.585
10.17,109.755,0.581
10.20,111.736,0.607
10.23,113.023,0.562
10.27,114.117,0.578
10.30,116.350,0.612
10.33,116.549,0.621
10.37,119.279,0.634
10.40,120.859,0.628
10.43,122.504,0.657
10.47,124.597,0.658
10.50,125.697,0.668
10.53,125.629,0.622
10.57,127.684,0.667
10.60,128.881,0.681
10.63,129.228,0.680
10.67,131.944,0.699
10.70,133.581,0.704
10.73,133.912,0.695
10.77,136.061,0.714
10.80,137.351,0.762
10.83,137.885,0.761
10.87,139.967,0.740
10.90,140.923,0.758
10.93,141.449,0.754
10.97,141.842,0.773
11.00,143.031,0.802
11.03,144.615,0.814
11.07,145.383,0.825
11.10,147.463,0.842
11.13,148.047,0.839
11.17,148.670,0.796
11.20,149.889,0.832
11.23,151.645,0.856
11.27,152.345,0.845
11.30,152.874,0.838
11.33,152.461,0.845
11.37,153.812,0.905
11.40,154.853,0.884
11.43,155.818,0.902
11.47,156.702,0.865
11.50,157.045,0.887
11.53,157.619,0.879
11.57,158.209,0.885
11.60,159.743,0.871
11.63,160.070,0.881
11.67,160.447,0.903
11.70,161.829,0.886
11.73,162.306,0.913
11.77,162.735,0.919
11.80,162.989,0.936
11.83,163.960,0.898
11.87,163.657,0.950
11.90,164.532,0.950
11.93,164.316,0.958
11.97,165.157,0.897
12.00,166.319,0.942
12.03,166.329,0.904
12.07,166.198,0.922
12.10,166.007,0.959
12.13,166.661,0.952
12.17,168.182,0.973
12.20,167.366,0.980
12.23,168.312,0.945
12.27,167.970,0.924
12.30,168.719,0.975
12.33,167.253,0.960
12.37,168.497,0.969
12.40,167.497,0.963
12.43,167.921,0.967
12.47,167.630,0.947
12.50,168.246,0.991
12.53,168.287,0.970
12.57,167.264,0.988
12.60,167.870,0.947
12.63,167.976,0.986
12.67,168.120,0.974
12.70,168.528,0.964
12.73,167.395,0.977
12.77,167.751,0.981
12.80,168.345,0.967
12.83,166.781,0.955
12.87,167.127,0.947
12.90,166.743,0.994
12.93,166.449,0.967
12.97,165.462,0.988
13.00,166.132,0.985
13.03,164.549,0.948
13.07,166.005,0.982
13.10,163.653,0.982
13.13,163.446,0.976
13.17,162.825,0.981
13.20,162.960,0.959
13.23,161.930,0.971
13.27,161.847,0.990
13.30,161.511,0.978
13.33,160.641,0.977
13.37,160.380,0.929
13.40,160.299,0.957
13.43,157.827,0.949
13.47,157.339,0.985
13.50,156.107,0.959
13.53,155.797,0.949
13.57,156.528,0.939
13.60,153.906,0.953
13.63,154.820,0.960
13.67,153.569,0.943
13.70,153.055,0.922
13.73,151.960,0.929
13.77,150.852,0.955
13.80,150.166,0.892
13.83,148.885,0.869
13.87,148.167,0.891
13.90,146.676,0.882
13.93,145.993,0.894
13.97,145.245,0.850
14.00,144.195,0.879
14.03,142.139,0.830
14.07,141.697,0.879
14.10,139.802,0.870
14.13,139.724,0.834
14.17,137.780,0.835
14.20,136.203,0.814
14.23,135.490,0.804
14.27,133.199,0.827
14.30,132.798,0.811
14.33,131.186,0.756
14.37,130.220,0.769
14.40,129.029,0.780
14.43,127.633,0.732
14.47,125.875,0.760
14.50,125.682,0.744
14.53,123.825,0.706
14.57,121.558,0.731
14.60,120.131,0.745
14.63,118.766,0.738
14.67,118.439,0.708
14.70,116.312,0.759
14.73,114.982,0.700
14.77,113.047,0.694
14.80,111.234,0.693
14.83,108.556,0.664
14.87,108.506,0.706
14.90,106.499,0.687
14.93,104.599,0.665
14.97,103.217,0.682
15.00,101.949,0.621
15.03,101.249,0.639
15.07,98.178,0.633
15.10,96.888,0.628
15.13,94.764,0.604
15.17,92.374,0.618
15.20,90.065,0.615
15.23,89.740,0.619
15.27,87.173,0.631
15.30,85.767,0.632
15.33,83.545,0.595
15.37,81.399,0.589
15.40,78.865,0.592
15.43,78.201,0.602
15.47,76.554,0.547
15.50,73.592,0.589
15.53,71.838,0.510
15.57,70.258,0.522
15.60,68.226,0.532
15.63,65.998,0.553
15.67,64.133,0.534
15.70,61.328,0.492
15.73,60.782,0.514
15.77,57.857,0.523
15.80,55.615,0.555
15.83,53.019,0.500
15.87,51.251,0.460
15.90,50.251,0.446
15.93,47.139,0.422
15.97,45.789,0.440
16.00,44.149,0.408
16.03,42.003,0.428
16.07,39.709,0.385
16.10,35.887,0.399
16.13,34.738,0.356
16.17,32.898,0.353
16.20,30.117,0.360
16.23,28.742,0.359
16.27,26.483,0.329
16.30,23.790,0.318
16.33,21.953,0.295
16.37,19.378,0.264
16.40,17.956,0.258
16.43,15.493,0.199
16.47,12.498,0.212
16.50,10.612,0.221
16.53,8.271,0.181
16.57,6.473,0.153
16.60,4.115,0.096
16.63,1.933,0.121
16.67,-0.009,0.108
16.70,-2.334,0.083
16.73,-4.829,0.006
16.77,-6.160,0.011
16.80,-9.916,0.000
16.83,-11.299,0.004
16.87,-13.013,-0.048
16.90,-15.175,-0.034
16.93,-17.921,-0.059
16.97,-19.855,-0.105
17.00,-22.703,-0.092
17.03,-23.505,-0.131
17.07,-26.344,-0.132
17.10,-29.294,-0.150
17.13,-31.313,-0.183
17.17,-32.611,-0.200
17.20,-34.806,-0.224
17.23,-37.487,-0.242
17.27,-39.315,-0.258
17.30,-41.022,-0.263
17.33,-43.219,-0.284
17.37,-45.782,-0.304
17.40,-47.997,-0.297
17.43,-50.499,-0.324
17.47,-51.464,-0.287
17.50,-55.147,-0.318
17.53,-55.813,-0.366
17.57,-57.690,-0.297
17.60,-59.536,-0.375
17.63,-62.113,-0.385
17.67,-63.759,-0.376
17.70,-66.511,-0.383
17.73,-68.187,-0.390
17.77,-70.082,-0.423
17.80,-72.198,-0.436
17.83,-73.769,-0.416
17.87,-75.265,-0.451
17.90,-78.107,-0.435
17.93,-79.452,-0.509
17.97,-80.819,-0.462
18.00,-83.608,-0.450
18.03,-84.861,-0.464
18.07,-86.977,-0.475
18.10,-89.165,-0.510
18.13,-90.710,-0.488
18.17,-92.581,-0.530
18.20,-94.980,-0.508
18.23,-96.069,-0.528
18.27,-98.281,-0.492
18.30,-99.139,-0.530
18.33,-102.571,-0.518
18.37,-103.258,-0.563
18.40,-103.866,-0.567
18.43,-107.081,-0.537
18.47,-108.021,-0.563
18.50,-109.743,-0.538
18.53,-111.132,-0.626
18.57,-112.381,-0.585
18.60,-113.884,-0.588
18.63,-116.510,-0.588
18.67,-117.348,-0.627
18.70,-119.362,-0.640
18.73,-120.821,-0.604
18.77,-122.643,-0.629
18.80,-124.440,-0.642
18.83,-125.418,-0.666
18.87,-126.745,-0.636
18.90,-129.155,-0.671
18.93,-128.957,-0.648
18.97,-130.351,-0.688
19.00,-131.150,-0.701
19.03,-133.576,-0.707
19.07,-133.094,-0.739
19.10,-135.341,-0.714
19.13,-137.541,-0.745
19.17,-138.879,-0.727
19.20,-139.156,-0.777
19.23,-139.774,-0.782
19.27,-141.814,-0.745
19.30,-142.655,-0.818
19.33,-143.523,-0.788
19.37,-144.801,-0.784
19.40,-145.940,-0.794
19.43,-147.623,-0.817
19.47,-147.501,-0.846
19.50,-149.113,-0.814
19.53,-149.105,-0.812
19.57,-151.189,-0.827
19.60,-151.719,-0.869
19.63,-152.958,-0.900
19.67,-153.323,-0.888
19.70,-153.747,-0.867
19.73,-155.296,-0.856
19.77,-155.578,-0.861
19.80,-157.626,-0.854
19.83,-157.516,-0.873
19.87,-157.854,-0.899
19.90,-158.363,-0.886
19.93,-159.008,-0.929
19.97,-160.201,-0.942
20.00,-161.351,-0.919
20.03,-161.258,-0.906
20.07,-160.794,-0.895
20.10,-161.941,-0.894
20.13,-163.127,-0.912
20.17,-163.493,-0.927
20.20,-164.123,-0.922
20.23,-164.939,-0.957
20.27,-164.837,-0.965
20.30,-165.147,-0.923
20.33,-165.617,-0.940
20.37,-166.154,-0.967
20.40,-166.504,-0.925
20.43,-165.760,-0.931
20.47,-166.561,-0.973
20.50,-166.604,-0.934
20.53,-167.409,-0.957
20.57,-167.971,-0.989
20.60,-167.787,-0.945
20.63,-169.043,-0.964
20.67,-167.930,-0.965
20.70,-167.207,-0.957
20.73,-167.743,-0.974
20.77,-168.785,-0.946
20.80,-168.754,-0.989
20.83,-169.222,-0.986
20.87,-168.104,-0.974
20.90,-168.260,-0.946
20.93,-167.997,-0.998
20.97,-169.267,-0.944
21.00,-168.157,-0.975
21.03,-167.689,-0.996
21.07,-167.215,-0.956
21.10,-167.427,-0.975
21.13,-167.315,-1.004
21.17,-166.973,-0.988
21.20,-166.803,-1.022
21.23,-166.378,-0.983
21.27,-166.257,-1.001
21.30,-166.268,-0.970
21.33,-165.329,-1.001
21.37,-164.669,-0.977
21.40,-164.001,-0.983
21.43,-165.213,-0.977
21.47,-164.750,-0.993
21.50,-163.429,-0.963
21.53,-163.108,-0.997
21.57,-162.628,-0.997
21.60,-161.374,-0.982
21.63,-161.830,-0.992
21.67,-160.327,-0.992
21.70,-159.897,-0.976
21.73,-159.249,-0.937
21.77,-158.056,-0.928
21.80,-158.996,-0.943
21.83,-157.626,-0.936
21.87,-156.211,-0.980
21.90,-156.433,-0.964
21.93,-155.590,-0.952
21.97,-154.667,-0.922
22.00,-152.914,-0.934
22.03,-153.326,-0.948
22.07,-151.448,-0.951
22.10,-150.574,-0.920
22.13,-149.398,-0.922
22.17,-148.837,-0.912
22.20,-148.161,-0.892
22.23,-147.185,-0.880
22.27,-145.294,-0.859
22.30,-145.193,-0.906
22.33,-143.117,-0.861
22.37,-142.055,-0.852
22.40,-141.558,-0.799
22.43,-140.534,-0.863
22.47,-139.014,-0.828
22.50,-137.791,-0.781
22.53,-136.665,-0.829
22.57,-135.719,-0.826
22.60,-134.631,-0.798
22.63,-132.791,-0.821
22.67,-131.908,-0.784
22.70,-130.459,-0.804
22.73,-128.855,-0.768
22.77,-128.081,-0.794
22.80,-126.484,-0.763
22.83,-124.416,-0.749
22.87,-122.616,-0.754
22.90,-122.120,-0.756
22.93,-121.872,-0.754
22.97,-118.925,-0.726
23.00,-117.632,-0.746
23.03,-115.346,-0.708
23.07,-114.592,-0.731
23.10,-113.390,-0.697
23.13,-111.585,-0.741
23.17,-110.121,-0.695
23.20,-108.933,-0.659
23.23,-106.197,-0.648
23.27,-104.454,-0.678
23.30,-101.783,-0.654
23.33,-101.299,-0.642
23.37,-100.189,-0.626
23.40,-97.488,-0.643
23.43,-95.951,-0.661
23.47,-94.301,-0.605
23.50,-92.480,-0.627
23.53,-90.536,-0.608
23.57,-89.110,-0.627
23.60,-87.326,-0.601
23.63,-85.180,-0.596
23.67,-83.011,-0.611
23.70,-81.414,-0.603
23.73,-80.157,-0.589
23.77,-78.018,-0.591
23.80,-75.970,-0.560
23.83,-74.434,-0.549
23.87,-71.971,-0.531
23.90,-69.990,-0.574
23.93,-67.651,-0.569
23.97,-66.469,-0.579
24.00,-64.891,-0.554
24.03,-62.464,-0.512
24.07,-59.409,-0.510
24.10,-58.617,-0.512
24.13,-55.198,-0.493
24.17,-54.441,-0.498
24.20,-51.476,-0.468
24.23,-49.358,-0.430
24.27,-48.133,-0.455
24.30,-45.671,-0.424
24.33,-43.365,-0.432
24.37,-41.529,-0.430
24.40,-40.189,-0.412
24.43,-36.860,-0.378
24.47,-34.356,-0.359
24.50,-33.304,-0.313
24.53,-30.664,-0.313
24.57,-28.825,-0.328
24.60,-25.602,-0.291
24.63,-23.794,-0.272
24.67,-21.824,-0.227
24.70,-19.710,-0.266
24.73,-17.896,-0.256
24.77,-14.902,-0.201
24.80,-13.868,-0.202
24.83,-10.835,-0.165
24.87,-8.210,-0.140
24.90,-6.985,-0.115
24.93,-4.780,-0.087
24.97,-3.005,-0.103
25.00,0.486,-0.052
25.03,2.227,-0.065
25.07,4.624,-0.062
25.10,7.233,-0.026
25.13,9.793,-0.055
25.17,11.118,0.001
25.20,12.582,0.039
25.23,16.385,0.068
25.27,17.649,0.060
25.30,20.608,0.092
25.33,21.063,0.097
25.37,24.507,0.101
25.40,26.477,0.131
25.43,28.375,0.158
25.47,30.468,0.176
25.50,33.024,0.199
25.53,34.628,0.188
25.57,37.061,0.259
25.60,39.935,0.240
25.63,41.575,0.279
25.67,43.255,0.274
25.70,45.210,0.273
25.73,48.267,0.305
25.77,50.045,0.318
25.80,52.279,0.313
25.83,53.213,0.346
25.87,55.993,0.354
25.90,57.316,0.345
25.93,60.774,0.383
25.97,62.106,0.394
26.00,65.140,0.369
26.03,66.539,0.379
26.07,67.946,0.401
26.10,69.546,0.415
26.13,72.040,0.456
26.17,73.762,0.446
26.20,74.514,0.451
26.23,77.368,0.479
26.27,79.809,0.476
26.30,82.985,0.458
26.33,82.741,0.477
26.37,86.107,0.480
26.40,87.160,0.494
26.43,89.674,0.503
26.47,90.915,0.497
26.50,92.820,0.525
26.53,94.155,0.555
26.57,96.467,0.498
26.60,98.233,0.523
26.63,99.140,0.538
26.67,101.249,0.552
26.70,102.496,0.518
26.73,104.548,0.555
26.77,106.423,0.543
26.80,107.481,0.615
26.83,109.854,0.566
26.87,110.986,0.592
26.90,112.951,0.621
26.93,115.435,0.597
26.97,115.758,0.651
27.00,118.299,0.601
27.03,118.848,0.625
27.07,120.488,0.603
27.10,122.520,0.609
27.13,123.672,0.629
27.17,125.270,0.682
27.20,126.714,0.667
27.23,128.194,0.681
27.27,129.784,0.678
27.30,129.958,0.698
27.33,130.631,0.656
27.37,132.217,0.701
27.40,134.632,0.703
27.43,135.480,0.751
27.47,137.407,0.726
27.50,138.448,0.753
27.53,138.757,0.770
27.57,140.485,0.760
27.60,140.564,0.747
27.63,142.020,0.775
27.67,142.931,0.721
27.70,145.012,0.735
27.73,145.548,0.842
27.77,145.601,0.830
27.80,147.436,0.799
27.83,148.489,0.844
27.87,149.574,0.860
27.90,150.991,0.850
27.93,152.775,0.857
27.97,152.274,0.809
28.00,153.501,0.851
28.03,154.017,0.834
28.07,155.019,0.852
28.10,155.232,0.897
28.13,156.677,0.879
28.17,156.909,0.880
28.20,156.974,0.890
28.23,158.559,0.890
28.27,158.235,0.917
28.30,160.436,0.884
28.33,159.788,0.898
28.37,161.550,0.933
28.40,162.705,0.950
28.43,162.551,0.942
28.47,162.263,0.929
28.50,163.495,0.942
28.53,164.013,0.906
28.57,164.776,0.957
28.60,164.482,0.951
28.63,165.141,0.934
28.67,165.515,0.933
28.70,166.743,0.982
28.73,165.359,0.945
28.77,165.464,0.975
28.80,167.141,0.922
28.83,167.698,0.961
28.87,166.799,0.998
28.90,168.563,0.955
28.93,167.672,0.961
28.97,169.333,0.989
29.00,167.471,0.982
29.03,168.025,0.967
29.07,168.565,0.972
29.10,168.391,0.944
29.13,167.557,0.963
29.17,168.435,0.960
29.20,168.508,0.959
29.23,168.784,0.980
29.27,167.870,0.977
29.30,167.490,0.996
29.33,168.596,0.960
29.37,167.164,0.974
29.40,167.138,0.971
29.43,167.604,0.957
29.47,166.755,0.950
29.50,166.611,1.030
29.53,166.938,0.984
29.57,166.837,0.986
29.60,166.890,0.995
29.63,165.731,0.953
29.67,166.033,0.966
29.70,165.602,0.990
29.73,165.539,0.979
29.77,164.343,0.986
29.80,164.405,1.012
29.83,162.877,0.992
29.87,163.426,0.976
29.90,163.550,0.966
29.93,162.002,0.992
29.97,161.519,1.002
30.00,160.385,0.968
30.03,159.521,0.941
30.07,157.873,0.966
30.10,159.306,0.931
30.13,157.731,0.938
30.17,156.991,0.984
30.20,157.109,0.961
30.23,156.507,0.938
30.27,155.168,0.949
30.30,155.023,0.927
30.33,153.633,0.925
30.37,152.475,0.926
30.40,151.608,0.888
30.43,150.341,0.891
30.47,149.538,0.897
30.50,147.878,0.891
30.53,147.524,0.894
30.57,147.062,0.882
30.60,146.019,0.888
30.63,144.626,0.898
30.67,143.350,0.903
30.70,142.682,0.859
30.73,141.732,0.845
30.77,139.901,0.851
30.80,140.049,0.883
30.83,138.431,0.810
30.87,136.451,0.855
30.90,134.481,0.800
30.93,133.828,0.803
30.97,132.868,0.807
31.00,132.239,0.805
31.03,130.048,0.794
31.07,128.277,0.770
31.10,126.646,0.762
31.13,126.058,0.763
31.17,125.280,0.739
31.20,123.781,0.758
31.23,122.745,0.743
31.27,119.744,0.742
31.30,118.952,0.781
31.33,117.405,0.733
31.37,116.214,0.723
31.40,113.377,0.697
31.43,113.473,0.700
31.47,111.698,0.673
31.50,109.617,0.707
31.53,108.036,0.643
31.57,106.103,0.651
31.60,105.213,0.659
31.63,103.346,0.671
31.67,100.894,0.678
31.70,99.829,0.630
31.73,98.658,0.651
31.77,96.839,0.595
31.80,94.669,0.628
31.83,92.738,0.627
31.87,91.233,0.637
31.90,88.304,0.668
31.93,86.864,0.633
31.97,85.259,0.606
32.00,84.140,0.644
32.03,80.950,0.577
32.07,79.945,0.598
32.10,77.869,0.557
32.13,76.150,0.572
32.17,73.997,0.528
32.20,72.336,0.564
32.23,70.125,0.565
32.27,67.789,0.519
32.30,66.676,0.534
32.33,64.538,0.508
32.37,61.988,0.555
32.40,60.371,0.529
32.43,57.667,0.494
32.47,55.683,0.504
32.50,52.868,0.508
32.53,52.001,0.460
32.57,50.079,0.439
32.60,47.647,0.422
32.63,45.751,0.453
32.67,42.784,0.435
32.70,41.428,0.423
32.73,38.606,0.383
32.77,36.858,0.373
32.80,34.444,0.380
32.83,32.902,0.339
32.87,31.153,0.343
32.90,28.882,0.353
32.93,25.637,0.296
32.97,24.779,0.274
33.00,22.607,0.265
33.03,19.939,0.255
33.07,17.684,0.243
33.10,15.038,0.200
33.13,13.122,0.195
33.17,10.903,0.166
33.20,7.872,0.137
33.23,5.885,0.131
33.27,5.490,0.099
33.30,2.058,0.131
33.33,-0.957,0.098
33.37,-2.660,0.082
33.40,-4.913,0.049
33.43,-6.420,0.015
33.47,-8.883,-0.018
33.50,-11.139,-0.015
33.53,-12.954,-0.049
33.57,-15.421,-0.061
33.60,-18.038,-0.072
33.63,-20.127,-0.091
33.67,-21.711,-0.081
33.70,-23.866,-0.099
33.73,-26.960,-0.109
33.77,-28.052,-0.153
33.80,-30.265,-0.171
33.83,-32.002,-0.196
33.87,-35.209,-0.168
33.90,-37.246,-0.237
33.93,-39.621,-0.258
33.97,-41.839,-0.234
34.00,-44.185,-0.258
34.03,-45.820,-0.288
34.07,-47.924,-0.321
34.10,-50.615,-0.288
34.13,-52.249,-0.331
34.17,-55.301,-0.310
34.20,-55.690,-0.335
34.23,-57.679,-0.344
34.27,-59.812,-0.392
34.30,-61.469,-0.377
34.33,-63.548,-0.362
34.37,-66.359,-0.362
34.40,-68.755,-0.400
34.43,-69.269,-0.384
34.47,-71.043,-0.430
34.50,-73.731,-0.421
34.53,-76.317,-0.436
34.57,-78.565,-0.475
34.60,-79.459,-0.419
34.63,-81.164,-0.465
34.67,-82.657,-0.457
34.70,-85.044,-0.478
34.73,-87.013,-0.505
34.77,-89.150,-0.493
34.80,-91.264,-0.494
34.83,-93.593,-0.505
34.87,-94.346,-0.468
34.90,-96.414,-0.542
34.93,-97.859,-0.553
34.97,-100.457,-0.569
35.00,-100.836,-0.547
35.03,-103.298,-0.529
35.07,-104.677,-0.544
35.10,-106.516,-0.573
35.13,-108.693,-0.608
35.17,-110.490,-0.587
35.20,-111.516,-0.584
35.23,-113.106,-0.616
35.27,-114.615,-0.600
35.30,-116.361,-0.581
35.33,-117.847,-0.601
35.37,-119.328,-0.635
35.40,-120.658,-0.638
35.43,-122.407,-0.614
35.47,-123.929,-0.646
35.50,-125.308,-0.669
35.53,-126.829,-0.665
35.57,-127.448,-0.657
35.60,-129.590,-0.700
35.63,-130.449,-0.667
35.67,-132.018,-0.685
35.70,-133.633,-0.724
35.73,-134.780,-0.708
35.77,-135.418,-0.714
35.80,-136.370,-0.717
35.83,-137.979,-0.716
35.87,-139.041,-0.721
35.90,-140.849,-0.754
35.93,-142.132,-0.753
35.97,-142.436,-0.776
36.00,-144.415,-0.805
36.03,-144.755,-0.797
36.07,-145.612,-0.773
36.10,-147.944,-0.818
36.13,-147.790,-0.822
36.17,-148.240,-0.845
36.20,-149.675,-0.862
36.23,-150.614,-0.821
36.27,-151.987,-0.840
36.30,-153.497,-0.827
36.33,-153.071,-0.875
36.37,-153.686,-0.872
36.40,-155.259,-0.878
36.43,-155.774,-0.863
36.47,-156.610,-0.907
36.50,-156.762,-0.854
36.53,-158.320,-0.907
36.57,-157.921,-0.883
36.60,-159.606,-0.895
36.63,-159.473,-0.930
36.67,-160.876,-0.945
36.70,-160.964,-0.915
36.73,-161.330,-0.938
36.77,-161.692,-0.912
36.80,-161.712,-0.917
36.83,-163.248,-0.942
36.87,-164.390,-0.904
36.90,-164.170,-0.929
36.93,-164.434,-0.929
36.97,-165.113,-0.950
37.00,-165.628,-0.917
37.03,-165.725,-0.971
37.07,-166.010,-0.950
37.10,-166.531,-0.939
37.13,-166.280,-0.997
37.17,-167.539,-0.946
37.20,-167.901,-0.960
37.23,-168.369,-0.963
37.27,-167.851,-0.931
37.30,-168.781,-0.941
37.33,-168.316,-0.967
37.37,-167.661,-0.943
37.40,-169.747,-0.973
37.43,-168.373,-0.969
37.47,-168.291,-0.963
37.50,-168.272,-0.944
37.53,-168.060,-0.954
37.57,-168.164,-0.972
37.60,-167.844,-0.975
37.63,-167.929,-0.960
37.67,-168.148,-0.977
37.70,-167.507,-0.978
37.73,-168.418,-0.992
37.77,-167.739,-0.999
37.80,-167.440,-1.001
37.83,-166.875,-1.014
37.87,-166.720,-0.944
37.90,-166.948,-0.991
37.93,-165.969,-0.977
37.97,-165.906,-1.000
38.00,-165.557,-0.944
38.03,-165.923,-0.985
38.07,-165.075,-1.007
38.10,-164.217,-0.973
38.13,-163.194,-1.019
38.17,-164.147,-0.964
38.20,-162.847,-0.940
38.23,-161.741,-0.932
38.27,-162.088,-0.960
38.30,-161.443,-0.967
38.33,-160.495,-0.983
38.37,-160.121,-0.991
38.40,-159.721,-0.951
38.43,-159.551,-0.992
38.47,-158.016,-0.967
38.50,-156.865,-0.936
38.53,-157.394,-0.961
38.57,-155.626,-0.951
38.60,-156.023,-0.902
38.63,-153.895,-0.942
38.67,-154.168,-0.934
38.70,-152.938,-0.917
38.73,-152.324,-0.907
38.77,-151.312,-0.910
38.80,-149.244,-0.921
38.83,-148.975,-0.893
38.87,-147.592,-0.899
38.90,-146.529,-0.909
38.93,-146.562,-0.861
38.97,-145.052,-0.856
39.00,-143.463,-0.864
39.03,-142.916,-0.878
39.07,-141.033,-0.860
39.10,-140.672,-0.856
39.13,-137.939,-0.849
39.17,-137.858,-0.795
39.20,-136.808,-0.818
39.23,-135.761,-0.803
39.27,-134.004,-0.841
39.30,-133.151,-0.783
39.33,-131.839,-0.804
39.37,-130.106,-0.808
39.40,-129.341,-0.831
39.43,-127.219,-0.756
39.47,-126.330,-0.782
39.50,-124.851,-0.745
39.53,-123.618,-0.724
39.57,-122.757,-0.690
39.60,-121.538,-0.731
39.63,-119.201,-0.746
39.67,-118.125,-0.728
39.70,-116.543,-0.695
39.73,-114.535,-0.726
39.77,-112.479,-0.656
39.80,-111.521,-0.695
39.83,-108.472,-0.666
39.87,-108.641,-0.701
39.90,-106.503,-0.705
39.93,-104.407,-0.657
39.97,-102.920,-0.646
40.00,-101.519,-0.653
40.03,-99.835,-0.646
40.07,-97.847,-0.664
40.10,-95.943,-0.659
40.13,-94.650,-0.631
40.17,-92.711,-0.617
40.20,-91.596,-0.606
40.23,-88.915,-0.614
40.27,-88.563,-0.612
40.30,-85.708,-0.634
40.33,-84.570,-0.593
40.37,-82.002,-0.589
40.40,-79.873,-0.594
40.43,-78.464,-0.558
40.47,-75.668,-0.589
40.50,-74.445,-0.537
40.53,-71.347,-0.573
40.57,-69.863,-0.525
40.60,-68.444,-0.551
40.63,-66.118,-0.519
40.67,-64.824,-0.548
40.70,-61.659,-0.487
40.73,-59.574,-0.509
40.77,-56.836,-0.495
40.80,-55.767,-0.472
40.83,-54.614,-0.455
40.87,-51.638,-0.453
40.90,-50.767,-0.455
40.93,-47.567,-0.432
40.97,-45.669,-0.441
41.00,-43.275,-0.403
41.03,-41.408,-0.417
41.07,-39.406,-0.428
41.10,-37.390,-0.360
41.13,-35.001,-0.390
41.17,-32.857,-0.354
41.20,-31.148,-0.305
41.23,-27.883,-0.338
41.27,-26.703,-0.247
41.30,-24.308,-0.267
41.33,-21.780,-0.267
41.37,-19.520,-0.241
41.40,-17.622,-0.206
41.43,-15.198,-0.228
41.47,-12.801,-0.232
41.50,-11.408,-0.209
41.53,-7.864,-0.137
41.57,-6.172,-0.095
41.60,-5.519,-0.103
41.63,-1.949,-0.061
